nombre,apellido,comuna,fase,distancia,contaminacion,sueldoxhora 
carla,hernandez,santiago,2,5,0.53,2700
pierre,sanchez,san_bernardo,2,20,0,2700
macarena,martinez,la_florida,2,20,0,3000
claudio,perez,el_bosque,2,16,0.16,2700
manuel,ortiz,la_pintana,2,24,0.16,2700
macarena,diaz,el_bosque,2,16,0.16,2500
humberto,garcia,sano_joaquin,2,10,0.53,2700
jorge,ramirez,san_bernardo,2,20,0.53,3000
javier,martinez,cerrillos,2,10,0.53,3000
aldo,ramirez,renca,2,10,0.53,2700
macarena,hernandez,cerrillos,2,10,0.16,3000
cristian,rivera,la_pintana,2,24,0,2700
cristobal,sanchez,cerro_navia,2,10,0,3000
javier,gomez,penalolen,2,12,0.16,2500
roman,gonzalez,macul,2,9,0,2500
humberto,martinez,sano_joaquin,2,10,0.16,2700
pierre,gonzalez,recoleta,2,7,0.53,2500
carla,ortiz,el_bosque,2,16,0.53,2700
diego,sanchez,renca,2,10,0.53,2500
humberto,martinez,la_pintana,2,24,0.16,2700
felipe,perez,la_granja,2,18,0.16,2500
paula,lopez,penalolen,2,12,0,3000
roberta,ortiz,penalolen,2,12,0.16,2700
laura,gutierrez,cerrillos,2,10,0,2500
pedro,morales,la_granja,2,18,0,3000
roberto,lopez,sano_joaquin,2,10,0.53,2700
alejandra,martinez,cerrillos,2,10,0.16,2500
paula,morales,penalolen,2,12,0,2700
roberto,ortiz,penalolen,2,12,0.53,2700
roberto,torres,la_florida,2,20,0.53,3000
raul,ramirez,sano_joaquin,2,10,0,2700
carla,torres,la_pintana,2,24,0.53,3000
antonio,ortiz,santiago,2,5,0.53,2700
juana,garcia,puente_alto,2,27,0.53,2500
pierre,rodriguez,el_bosque,2,16,0,2700
claudio,cruz,maipu,2,17,0,2700
pedro,cruz,sano_joaquin,2,10,0.16,2500
alejandra,diaz,la_pintana,2,24,0.16,2700
sebastian,torres,cerrillos,2,10,0.16,2700
roman,reyes,recoleta,2,7,0,3000
mauricio,martinez,pudahuel,2,12,0.16,3000
roberta,sanchez,el_bosque,2,16,0,3000
carla,rodriguez,el_bosque,2,16,0,3000
jorge,martinez,el_bosque,2,16,0.16,2500
juana,perez,san_bernardo,2,20,0.16,2700
maria,cruz,el_bosque,2,16,0.53,2500
sebastian,hernandez,puente_alto,2,27,0.53,2700
aldo,diaz,la_florida,2,20,0.16,2500
diego,hernandez,renca,2,10,0.16,2500
jorge,hernandez,el_bosque,2,16,0,3000
macarena,reyes,san_bernardo,2,20,0,2500
humberto,reyes,el_bosque,2,16,0.53,3000
roberta,hernandez,renca,2,10,0.16,2700
raul,martinez,el_bosque,2,16,0.53,3000
juana,cruz,la_pintana,2,24,0,2500
antonio,gomez,santiago,2,5,0.53,2500
paula,torres,la_florida,2,20,0.16,2700
roberta,cruz,san_bernardo,2,20,0.53,3000
carlos,rodriguez,renca,2,10,0.53,2700
diego,rodriguez,la_granja,2,18,0.16,2700
antonio,rodriguez,maipu,2,17,0,3000
alejandra,martinez,el_bosque,2,16,0,2500
maria,sanchez,renca,2,10,0,2700
maria,gutierrez,pudahuel,2,12,0,2500
felipe,sanchez,penalolen,2,12,0,2500
lucia,torres,recoleta,2,7,0,2500
raul,reyes,puente_alto,2,27,0.16,3000
carlos,morales,penalolen,2,12,0.53,3000
andres,sanchez,macul,2,9,0,2500
javiera,ortiz,cerro_navia,2,10,0.16,2700
paloma,garcia,cerro_navia,2,10,0,2700
pedro,ramirez,puente_alto,2,27,0.16,3000
roberta,lopez,penalolen,2,12,0.16,2500
carlos,flores,la_pintana,2,24,0.16,2700
alex,morales,la_granja,2,18,0,2500
claudio,diaz,penalolen,2,12,0,3000
jorge,lopez,penalolen,2,12,0.16,3000
javiera,ortiz,la_florida,2,20,0,2700
roberto,martinez,san_bernardo,2,20,0,2700
roman,gutierrez,san_bernardo,2,20,0,2500
cristobal,torres,macul,2,9,0.53,3000
carlos,sanchez,puente_alto,2,27,0.16,2500
maria,lopez,el_bosque,2,16,0,3000
maria,garcia,sano_joaquin,2,10,0.53,2700
maria,sanchez,penalolen,2,12,0.16,3000
javier,gomez,renca,2,10,0,2500
sebastian,reyes,macul,2,9,0,2500
mauricio,garcia,la_pintana,2,24,0.53,2500
humberto,martinez,penalolen,2,12,0.16,2500
antonia,gomez,pudahuel,2,12,0,3000
alex,gonzalez,penalolen,2,12,0,3000
alejandra,diaz,macul,2,9,0.53,2700
laura,morales,puente_alto,2,27,0.16,2500
sebastian,ramirez,renca,2,10,0.53,2700
raul,morales,la_pintana,2,24,0.53,2500
andres,flores,pudahuel,2,12,0,2700
victor,morales,cerro_navia,2,10,0.53,2700
felipe,gomez,cerro_navia,2,10,0,2700
sebastian,diaz,cerrillos,2,10,0.16,2700
alonso,gutierrez,cerro_navia,2,10,0.16,2500
raul,torres,cerro_navia,2,10,0.53,3000
valentina,flores,recoleta,2,7,0.53,2500
carlos,morales,la_granja,2,18,0,2700
claudio,torres,pudahuel,2,12,0,3000
victor,sanchez,la_pintana,2,24,0,3000
cristobal,sanchez,la_granja,2,18,0,2700
paula,diaz,la_pintana,2,24,0.16,2700
ximena,cruz,cerrillos,2,10,0,3000
lucia,garcia,puente_alto,2,27,0,2500
alonso,morales,recoleta,2,7,0.16,3000
pierre,hernandez,recoleta,2,7,0.53,3000
paloma,ortiz,pudahuel,2,12,0.16,2500
antonia,diaz,recoleta,2,7,0.16,3000
pamela,reyes,penalolen,2,12,0.16,3000
humberto,morales,la_granja,2,18,0,2700
humberto,reyes,maipu,2,17,0.53,2700
pierre,ramirez,pudahuel,2,12,0.16,2500
claudio,lopez,san_bernardo,2,20,0.53,3000
juan,perez,maipu,2,17,0.53,2500
jorge,ortiz,recoleta,2,7,0,2500
carlos,diaz,cerrillos,2,10,0.16,2700
manuel,gutierrez,cerrillos,2,10,0,2500
aldo,torres,cerrillos,2,10,0.16,2500
macarena,sanchez,la_granja,2,18,0.53,3000
laura,cruz,santiago,2,5,0.53,2500
jimena,gonzalez,recoleta,2,7,0.16,3000
macarena,garcia,cerrillos,2,10,0.16,2700
manuel,martinez,la_florida,2,20,0.53,3000
alonso,rodriguez,penalolen,2,12,0.53,2500
carlos,reyes,pudahuel,2,12,0.53,2500
humberto,diaz,penalolen,2,12,0.53,3000
manuel,ortiz,renca,2,10,0,2500
lucia,martinez,renca,2,10,0,3000
sebastian,garcia,san_bernardo,2,20,0,3000
pamela,hernandez,la_pintana,2,24,0.16,2500
alex,rivera,sano_joaquin,2,10,0.16,2700
roberto,gonzalez,cerro_navia,2,10,0.16,3000
manuel,torres,cerrillos,2,10,0.16,2500
sebastian,martinez,el_bosque,2,16,0.16,3000
victor,hernandez,renca,2,10,0.16,2500
laura,rivera,maipu,2,17,0.16,2700
jorge,garcia,la_florida,2,20,0,2500
laura,rivera,recoleta,2,7,0,2700
laura,gonzalez,penalolen,2,12,0.16,2700
pamela,reyes,la_florida,2,20,0.16,2700
humberto,flores,el_bosque,2,16,0.53,3000
javiera,sanchez,recoleta,2,7,0.16,2700
ximena,flores,santiago,2,5,0.53,2500
alonso,cruz,la_pintana,2,24,0.53,2500
jorge,ramirez,penalolen,2,12,0,2700
paloma,perez,maipu,2,17,0.16,3000
maria,cruz,el_bosque,2,16,0.53,2700
lucia,cruz,recoleta,2,7,0,3000
cristian,sanchez,cerrillos,2,10,0,2700
victor,gutierrez,macul,2,9,0.16,2500
paloma,rivera,la_florida,2,20,0.16,2700
jorge,rivera,recoleta,2,7,0.53,2500
alex,sanchez,puente_alto,2,27,0,2700
felipe,hernandez,sano_joaquin,2,10,0,3000
pamela,ramirez,cerro_navia,2,10,0,3000
cristian,sanchez,macul,2,9,0.53,3000
raul,ortiz,san_bernardo,2,20,0,2500
diego,ortiz,cerro_navia,2,10,0,2700
carla,cruz,puente_alto,2,27,0.16,3000
cristian,cruz,la_granja,2,18,0.53,2500
alonso,rodriguez,penalolen,2,12,0,2500
andres,gomez,la_granja,2,18,0.16,3000
carla,rodriguez,san_bernardo,2,20,0.16,3000
victor,martinez,el_bosque,2,16,0.16,3000
maria,sanchez,cerrillos,2,10,0.53,2500
victor,gutierrez,la_florida,2,20,0.16,2500
claudia,rodriguez,puente_alto,2,27,0.16,3000
carlos,ramirez,maipu,2,17,0,3000
alonso,ortiz,maipu,2,17,0,3000
maria,reyes,la_granja,2,18,0,2500
mauricio,torres,cerro_navia,2,10,0.53,2700
andres,sanchez,penalolen,2,12,0.16,2700
sebastian,diaz,puente_alto,2,27,0,2700
lucia,lopez,penalolen,2,12,0,3000
diego,gonzalez,cerro_navia,2,10,0.16,2700
maria,torres,recoleta,2,7,0.53,3000
victor,gomez,penalolen,2,12,0.16,2700
juana,reyes,maipu,2,17,0,2700
laura,flores,penalolen,2,12,0,3000
mauricio,gutierrez,santiago,2,5,0.53,2700
maria,rodriguez,sano_joaquin,2,10,0.16,2500
lucia,reyes,penalolen,2,12,0.16,3000
laura,cruz,maipu,2,17,0.53,2500
maria,flores,pudahuel,2,12,0,2700
antonio,flores,la_florida,2,20,0.53,2700
cristian,gomez,renca,2,10,0,2500
felipe,ramirez,pudahuel,2,12,0.53,3000
antonia,garcia,recoleta,2,7,0,2500
sebastian,morales,macul,2,9,0.53,2700
carla,reyes,renca,2,10,0.53,3000
roberta,lopez,cerro_navia,2,10,0.16,2500
juana,hernandez,santiago,2,5,0.16,2700
pierre,gonzalez,cerro_navia,2,10,0,2700
roberta,diaz,maipu,2,17,0,3000
paula,hernandez,san_bernardo,2,20,0.16,2500
cristian,morales,penalolen,2,12,0.53,2500
pamela,sanchez,recoleta,2,7,0,2700
ximena,perez,san_bernardo,2,20,0.53,3000
maria,flores,penalolen,2,12,0.53,3000
victor,gutierrez,la_granja,2,18,0.53,3000
macarena,cruz,macul,2,9,0.16,2500
macarena,gomez,recoleta,2,7,0,2500
pierre,gutierrez,cerrillos,2,10,0.53,3000
cristobal,flores,la_granja,2,18,0.53,2700
ximena,lopez,la_granja,2,18,0,3000
antonia,gutierrez,pudahuel,2,12,0.53,3000
javier,morales,recoleta,2,7,0.16,3000
juan,diaz,san_bernardo,2,20,0.53,3000
alex,flores,cerrillos,2,10,0,2700
jorge,ortiz,cerrillos,2,10,0.16,2500
juana,ortiz,renca,2,10,0,2700
pierre,torres,el_bosque,2,16,0,2700
laura,hernandez,puente_alto,2,27,0,2500
victor,garcia,renca,2,10,0,2500
cristian,rivera,macul,2,9,0,2500
pierre,morales,la_florida,2,20,0.16,2700
alonso,gonzalez,sano_joaquin,2,10,0.16,3000
ximena,sanchez,la_granja,2,18,0,2700
mauricio,reyes,penalolen,2,12,0.53,2500
raul,reyes,cerro_navia,2,10,0.16,2700
antonio,martinez,recoleta,2,7,0.16,2500
victor,diaz,penalolen,2,12,0.53,2500
sebastian,gomez,la_granja,2,18,0,3000
ximena,gutierrez,macul,2,9,0.53,2700
cristian,garcia,cerrillos,2,10,0,2500
maria,rodriguez,la_granja,2,18,0,2500
alejandra,rivera,el_bosque,2,16,0,2700
claudia,ramirez,san_bernardo,2,20,0,2700
carla,rodriguez,cerro_navia,2,10,0,2500
valentina,rivera,san_bernardo,2,20,0.53,3000
felipe,diaz,sano_joaquin,2,10,0,3000
macarena,rivera,penalolen,2,12,0.53,3000
pamela,torres,pudahuel,2,12,0.53,3000
andres,lopez,el_bosque,2,16,0.16,2700
jimena,ortiz,macul,2,9,0.53,3000
raul,ramirez,puente_alto,2,27,0.53,2500
alex,gutierrez,cerrillos,2,10,0.53,2700
javier,sanchez,la_granja,2,18,0.16,3000
roberta,flores,el_bosque,2,16,0,2700
carla,reyes,cerro_navia,2,10,0.53,2700
roberto,lopez,renca,2,10,0.53,3000
juana,hernandez,puente_alto,2,27,0.16,3000
pedro,gomez,recoleta,2,7,0.16,2500
macarena,diaz,san_bernardo,2,20,0.16,2500
javier,cruz,la_florida,2,20,0,2500
roman,perez,recoleta,2,7,0,2500
roman,hernandez,macul,2,9,0.16,2700
aldo,rodriguez,cerrillos,2,10,0,2500
roberto,reyes,maipu,2,17,0,2700
lucia,garcia,renca,2,10,0,2500
pedro,gutierrez,la_pintana,2,24,0.16,3000
carlos,gutierrez,la_pintana,2,24,0.53,3000
juan,garcia,penalolen,2,12,0,3000
macarena,ramirez,sano_joaquin,2,10,0.16,3000
manuel,lopez,santiago,2,5,0,2500
valentina,flores,santiago,2,5,0.53,3000
diego,lopez,la_florida,2,20,0,2700
andres,cruz,recoleta,2,7,0.16,2500
valentina,hernandez,recoleta,2,7,0,2700
claudia,rodriguez,cerro_navia,2,10,0.16,2500
manuel,rodriguez,la_granja,2,18,0.53,2500
javier,cruz,recoleta,2,7,0,3000
felipe,lopez,maipu,2,17,0.53,3000
claudia,gutierrez,pudahuel,2,12,0.16,2500
paloma,torres,recoleta,2,7,0.16,2700
laura,hernandez,puente_alto,2,27,0.16,2700
roberta,perez,la_florida,2,20,0,2500
maria,flores,recoleta,2,7,0.53,2500
javier,flores,la_florida,2,20,0.16,2500
alex,rivera,san_bernardo,2,20,0.53,2700
andres,martinez,maipu,2,17,0.53,3000
javier,rivera,san_bernardo,2,20,0,2700
valentina,ortiz,pudahuel,2,12,0,2700
maria,rivera,la_florida,2,20,0,2700
cristian,torres,macul,2,9,0.16,3000
antonia,perez,san_bernardo,2,20,0.53,2700
mauricio,hernandez,macul,2,9,0.53,2700
roberto,ramirez,el_bosque,2,16,0.16,2500
claudia,ortiz,santiago,2,5,0.16,2700
humberto,garcia,sano_joaquin,2,10,0.16,2500
victor,flores,macul,2,9,0,3000
juan,gutierrez,cerrillos,2,10,0,3000
carla,garcia,maipu,2,17,0.16,2700
carlos,gomez,la_florida,2,20,0.53,2500
antonio,rivera,cerro_navia,2,10,0.53,2700
maria,martinez,renca,2,10,0,3000
claudia,rodriguez,maipu,2,17,0.53,2500
laura,cruz,recoleta,2,7,0.53,2500
carlos,morales,puente_alto,2,27,0.53,2500
roberto,torres,la_granja,2,18,0.16,2700
victor,rodriguez,el_bosque,2,16,0.16,2500
diego,garcia,la_pintana,2,24,0,2500
pedro,ramirez,cerro_navia,2,10,0,2500
raul,cruz,la_florida,2,20,0,3000
ximena,ortiz,el_bosque,2,16,0.16,2700
aldo,martinez,cerrillos,2,10,0,2700
laura,garcia,recoleta,2,7,0.53,3000
maria,diaz,cerrillos,2,10,0.16,2700
maria,torres,puente_alto,2,27,0,2500
felipe,gonzalez,recoleta,2,7,0.53,2700
claudio,diaz,puente_alto,2,27,0.53,3000
valentina,gomez,maipu,2,17,0.53,2500
jorge,sanchez,pudahuel,2,12,0,3000
antonia,hernandez,la_pintana,2,24,0.53,2500
lucia,lopez,el_bosque,2,16,0,3000
alex,perez,sano_joaquin,2,10,0,2700
lucia,martinez,sano_joaquin,2,10,0.53,2700
paula,gutierrez,recoleta,2,7,0.16,2700
lucia,flores,pudahuel,2,12,0.53,3000
andres,cruz,recoleta,2,7,0.53,2700
humberto,gutierrez,renca,2,10,0.16,2500
andres,torres,recoleta,2,7,0,2500
diego,rivera,cerro_navia,2,10,0.16,3000
claudio,morales,cerrillos,2,10,0.16,2500
roberta,rodriguez,recoleta,2,7,0.16,2700
sebastian,flores,la_granja,2,18,0,2700
diego,reyes,puente_alto,2,27,0.16,2500
claudio,morales,sano_joaquin,2,10,0,3000
javiera,reyes,sano_joaquin,2,10,0.53,2500
cristian,gomez,la_florida,2,20,0.16,2500
alejandra,rodriguez,pudahuel,2,12,0.53,3000
javier,ortiz,cerrillos,2,10,0.53,2500
alejandra,lopez,pudahuel,2,12,0.16,3000
juan,rivera,cerro_navia,2,10,0.16,2700
jimena,lopez,maipu,2,17,0.16,2500
ximena,flores,san_bernardo,2,20,0.16,2700
paloma,martinez,la_florida,2,20,0.53,2700
manuel,rivera,cerro_navia,2,10,0,3000
jorge,cruz,la_pintana,2,24,0,3000
juan,martinez,cerro_navia,2,10,0.16,3000
macarena,morales,renca,2,10,0.53,2700
claudia,lopez,cerrillos,2,10,0,3000
alonso,gonzalez,recoleta,2,7,0.53,3000
roman,sanchez,recoleta,2,7,0.53,2700
javiera,sanchez,el_bosque,2,16,0.53,2500
sebastian,rivera,recoleta,2,7,0.53,2500
ximena,morales,la_florida,2,20,0,3000
alejandra,lopez,penalolen,2,12,0.16,3000
pamela,rivera,puente_alto,2,27,0.16,2700
roberto,torres,maipu,2,17,0.53,3000
javiera,morales,san_bernardo,2,20,0,2500
mauricio,reyes,macul,2,9,0.53,3000
diego,gomez,macul,2,9,0.53,3000
claudio,rivera,el_bosque,2,16,0.53,3000
javier,flores,san_bernardo,2,20,0,3000
cristian,cruz,san_bernardo,2,20,0.53,2700
javiera,garcia,maipu,2,17,0.53,3000
carlos,lopez,la_florida,2,20,0.53,3000
pierre,torres,puente_alto,2,27,0,3000
maria,reyes,maipu,2,17,0.53,3000
alejandra,ortiz,santiago,2,5,0.16,2700
maria,sanchez,san_bernardo,2,20,0.53,2500
raul,rivera,el_bosque,2,16,0.53,2700
alonso,martinez,macul,2,9,0.16,3000
macarena,morales,santiago,2,5,0.53,2500
cristobal,gomez,macul,2,9,0.16,2500
manuel,rivera,maipu,2,17,0,2500
carla,hernandez,pudahuel,2,12,0,3000
aldo,ortiz,pudahuel,2,12,0,2700
paula,cruz,sano_joaquin,2,10,0,3000
paula,rodriguez,cerro_navia,2,10,0,3000
sebastian,rodriguez,pudahuel,2,12,0.16,2500
jimena,ortiz,la_granja,2,18,0,2500
lucia,perez,cerro_navia,2,10,0,2500
lucia,flores,penalolen,2,12,0.53,3000
laura,gomez,recoleta,2,7,0.53,2500
alonso,cruz,la_granja,2,18,0.16,2500
humberto,martinez,la_florida,2,20,0.53,3000
alejandra,gonzalez,cerro_navia,2,10,0,2500
claudio,flores,cerro_navia,2,10,0.53,2500
alejandra,diaz,sano_joaquin,2,10,0.53,2700
aldo,reyes,renca,2,10,0.53,2700
claudia,diaz,penalolen,2,12,0,2700
andres,gomez,macul,2,9,0.16,2700
antonio,garcia,san_bernardo,2,20,0.16,2700
javiera,rodriguez,san_bernardo,2,20,0,3000
lucia,rivera,macul,2,9,0.16,2500
cristobal,lopez,recoleta,2,7,0.53,2500
javiera,martinez,san_bernardo,2,20,0.53,2700
jimena,flores,penalolen,2,12,0,3000
manuel,gonzalez,la_granja,2,18,0.53,2700
roberta,hernandez,penalolen,2,12,0.16,2500
javiera,perez,cerro_navia,2,10,0.53,2700
sebastian,hernandez,san_bernardo,2,20,0.53,3000
alonso,reyes,maipu,2,17,0.53,2700
aldo,martinez,cerro_navia,2,10,0,2500
carla,gonzalez,macul,2,9,0,2700
roberto,perez,san_bernardo,2,20,0.53,3000
manuel,rivera,macul,2,9,0.16,2500
pedro,martinez,maipu,2,17,0.53,2500
pamela,morales,la_florida,2,20,0.16,2500
andres,lopez,pudahuel,2,12,0,2700
javiera,reyes,macul,2,9,0.16,3000
carla,gutierrez,sano_joaquin,2,10,0.53,3000
antonia,rodriguez,puente_alto,2,27,0,2700
victor,gonzalez,sano_joaquin,2,10,0.16,2500
mauricio,rivera,cerro_navia,2,10,0.53,3000
sebastian,ortiz,penalolen,2,12,0.16,3000
victor,ortiz,maipu,2,17,0.16,2700
antonio,gutierrez,san_bernardo,2,20,0.16,3000
claudia,flores,renca,2,10,0,3000
cristobal,gutierrez,penalolen,2,12,0,2700
maria,diaz,santiago,2,5,0.16,2500
macarena,torres,cerro_navia,2,10,0,2500
jimena,torres,recoleta,2,7,0.16,3000
diego,gonzalez,recoleta,2,7,0.53,2500
paula,perez,pudahuel,2,12,0,2700
felipe,flores,macul,2,9,0,2500
roman,morales,puente_alto,2,27,0,2500
paula,hernandez,penalolen,2,12,0,2500
juan,hernandez,renca,2,10,0.53,2500
claudia,diaz,el_bosque,2,16,0.53,3000
maria,flores,la_pintana,2,24,0.53,3000
antonia,reyes,la_granja,2,18,0.53,2500
manuel,martinez,cerrillos,2,10,0.53,2700
pierre,perez,macul,2,9,0,3000
cristian,cruz,la_granja,2,18,0.16,2500
raul,hernandez,la_florida,2,20,0.53,3000
roman,gomez,macul,2,9,0.53,3000
diego,gutierrez,la_pintana,2,24,0.16,2500
cristian,martinez,cerrillos,2,10,0.53,2700
roberta,ramirez,puente_alto,2,27,0,3000
jimena,rivera,pudahuel,2,12,0.53,2700
juan,perez,cerrillos,2,10,0,2700
cristobal,rodriguez,san_bernardo,2,20,0.53,2700
pamela,morales,recoleta,2,7,0.16,3000
antonia,lopez,pudahuel,2,12,0.53,2700
antonio,gomez,cerro_navia,2,10,0.53,2700
antonia,morales,la_granja,2,18,0.16,2700
victor,cruz,santiago,2,5,0.53,2500
roberto,diaz,cerro_navia,2,10,0.16,2700
carla,garcia,la_granja,2,18,0.16,2500
valentina,gutierrez,el_bosque,2,16,0,2700
valentina,cruz,sano_joaquin,2,10,0.16,2700
claudia,gomez,san_bernardo,2,20,0,2700
cristobal,gutierrez,puente_alto,2,27,0,3000
javiera,flores,la_florida,2,20,0.53,3000
carlos,diaz,la_granja,2,18,0.16,2700
diego,lopez,la_pintana,2,24,0.53,2700
pamela,morales,cerrillos,2,10,0,2500
paula,ortiz,pudahuel,2,12,0.53,2700
lucia,ramirez,la_granja,2,18,0,3000
humberto,ortiz,cerro_navia,2,10,0.53,3000
cristian,perez,la_granja,2,18,0.53,2500
aldo,ortiz,penalolen,2,12,0,2500
maria,ortiz,cerrillos,2,10,0.53,2500
juan,torres,renca,2,10,0.16,2500
claudio,rivera,recoleta,2,7,0.53,2700
pamela,perez,la_pintana,2,24,0.53,2700
roberta,ramirez,san_bernardo,2,20,0.16,3000
valentina,sanchez,el_bosque,2,16,0.16,3000
paloma,sanchez,el_bosque,2,16,0,3000
maria,flores,la_granja,2,18,0.16,3000
pedro,garcia,sano_joaquin,2,10,0.16,2500
pamela,cruz,la_pintana,2,24,0.53,2500
cristian,rodriguez,maipu,2,17,0.16,2700
mauricio,ortiz,renca,2,10,0.53,3000
alonso,rodriguez,cerrillos,2,10,0,2500
cristian,rodriguez,santiago,2,5,0.16,2500
alejandra,hernandez,pudahuel,2,12,0.53,2500
lucia,ortiz,la_granja,2,18,0.16,3000
paula,ramirez,la_pintana,2,24,0.53,3000
antonio,reyes,penalolen,2,12,0,2700
raul,flores,cerro_navia,2,10,0.16,2700
sebastian,gonzalez,cerrillos,2,10,0.16,2500
felipe,martinez,cerrillos,2,10,0,2700
alonso,lopez,la_granja,2,18,0,2500
raul,ramirez,cerrillos,2,10,0.53,3000
humberto,flores,cerro_navia,2,10,0.16,2700
maria,garcia,penalolen,2,12,0.53,2700
pierre,rodriguez,puente_alto,2,27,0.53,2500
antonio,gomez,cerro_navia,2,10,0,2700
carla,torres,macul,2,9,0,2700
mauricio,lopez,la_granja,2,18,0.53,3000
alejandra,rivera,la_florida,2,20,0.16,2700
pamela,ortiz,la_pintana,2,24,0.16,3000
alejandra,martinez,recoleta,2,7,0.16,2700
roman,martinez,puente_alto,2,27,0.16,3000
antonia,perez,san_bernardo,2,20,0.53,3000
paloma,reyes,puente_alto,2,27,0,2700
valentina,cruz,maipu,2,17,0.53,2700
diego,reyes,san_bernardo,2,20,0.53,2700
paula,gutierrez,renca,2,10,0.53,2700
victor,garcia,cerrillos,2,10,0,2500
carlos,gutierrez,maipu,2,17,0.53,3000
aldo,martinez,renca,2,10,0.53,3000
cristobal,torres,la_florida,2,20,0,3000
lucia,diaz,macul,2,9,0.53,2500
ximena,gomez,maipu,2,17,0.16,2700
macarena,lopez,macul,2,9,0,3000
macarena,gomez,san_bernardo,2,20,0,2700
raul,garcia,cerro_navia,2,10,0.16,2500
macarena,diaz,cerrillos,2,10,0,3000
paula,rivera,san_bernardo,2,20,0,2500
roberto,rodriguez,la_florida,2,20,0,2700
pierre,perez,maipu,2,17,0.16,3000
cristobal,reyes,renca,2,10,0.16,3000
cristobal,gomez,recoleta,2,7,0.16,3000
carlos,rodriguez,san_bernardo,2,20,0.53,2700
mauricio,gutierrez,pudahuel,2,12,0.16,2700
felipe,sanchez,cerro_navia,2,10,0.16,3000
paloma,sanchez,la_florida,2,20,0.53,2500
diego,ortiz,sano_joaquin,2,10,0.16,2700
laura,ortiz,la_granja,2,18,0.53,3000
lucia,gomez,pudahuel,2,12,0.53,2700
maria,lopez,cerro_navia,2,10,0,2500
macarena,cruz,el_bosque,2,16,0.53,3000
juan,reyes,renca,2,10,0.53,2700
maria,ortiz,san_bernardo,2,20,0,2500
alex,perez,pudahuel,2,12,0,2700
javiera,rivera,maipu,2,17,0.16,2700
sebastian,rodriguez,penalolen,2,12,0.16,2500
alejandra,rodriguez,maipu,2,17,0.16,3000
roberta,perez,la_granja,2,18,0.53,3000
victor,garcia,la_pintana,2,24,0.16,3000
roberto,cruz,el_bosque,2,16,0.16,2700
carlos,gomez,el_bosque,2,16,0.53,2700
cristian,gomez,recoleta,2,7,0.16,2700
aldo,torres,penalolen,2,12,0.16,2500
juana,reyes,puente_alto,2,27,0.53,2700
felipe,perez,macul,2,9,0.53,2500
cristobal,gutierrez,el_bosque,2,16,0,2700
manuel,ramirez,la_florida,2,20,0,2500
sebastian,flores,el_bosque,2,16,0.16,2500
pierre,cruz,pudahuel,2,12,0.53,2500
lucia,cruz,recoleta,2,7,0.16,3000
aldo,gonzalez,san_bernardo,2,20,0.16,2700
juana,gonzalez,renca,2,10,0,2700
andres,rodriguez,santiago,2,5,0,2500
carla,sanchez,maipu,2,17,0,2700
raul,perez,recoleta,2,7,0,2500
claudia,cruz,la_granja,2,18,0,3000
macarena,ortiz,la_florida,2,20,0,3000
paloma,ramirez,cerro_navia,2,10,0.16,3000
laura,gonzalez,puente_alto,2,27,0.16,3000
juan,sanchez,la_pintana,2,24,0.16,2700
alex,rivera,penalolen,2,12,0,2500
roman,gomez,recoleta,2,7,0,2700
mauricio,torres,maipu,2,17,0.16,2700
cristobal,martinez,cerrillos,2,10,0.53,2500
roberta,cruz,renca,2,10,0,2700
antonio,martinez,la_granja,2,18,0.16,2500
jorge,gutierrez,puente_alto,2,27,0,2700
mauricio,perez,la_granja,2,18,0,2500
andres,ramirez,renca,2,10,0.53,3000
manuel,perez,san_bernardo,2,20,0.53,2700
andres,torres,sano_joaquin,2,10,0,2700
maria,gomez,pudahuel,2,12,0.16,2500
pedro,martinez,macul,2,9,0,3000
laura,sanchez,maipu,2,17,0.16,2500
claudia,gomez,pudahuel,2,12,0.16,3000
humberto,reyes,la_granja,2,18,0.53,3000
roberta,gomez,la_florida,2,20,0.16,3000
valentina,gomez,maipu,2,17,0.53,2700
pierre,martinez,maipu,2,17,0,2500
ximena,lopez,cerrillos,2,10,0.53,2500
javier,martinez,santiago,2,5,0.53,2500
roman,ramirez,puente_alto,2,27,0,3000
alonso,diaz,recoleta,2,7,0.16,2700
antonia,diaz,puente_alto,2,27,0,3000
aldo,ortiz,maipu,2,17,0.16,2700
felipe,gomez,santiago,2,5,0.53,2500
ximena,martinez,el_bosque,2,16,0.16,2700
antonio,gomez,sano_joaquin,2,10,0.53,3000
victor,ramirez,la_granja,2,18,0,3000
antonio,diaz,penalolen,2,12,0.53,2500
pamela,martinez,macul,2,9,0,2500
carla,cruz,la_pintana,2,24,0,2500
pedro,torres,santiago,2,5,0.53,2500
claudia,gomez,pudahuel,2,12,0.53,2500
laura,lopez,cerro_navia,2,10,0.16,2500
sebastian,cruz,pudahuel,2,12,0.53,3000
felipe,torres,la_granja,2,18,0,2700
felipe,gomez,penalolen,2,12,0.53,2500
roberto,gutierrez,la_pintana,2,24,0.16,2700
alonso,ortiz,santiago,2,5,0.53,2700
carlos,reyes,cerro_navia,2,10,0,2700
maria,cruz,san_bernardo,2,20,0.53,2700
pierre,ramirez,san_bernardo,2,20,0.53,2700
ximena,martinez,recoleta,2,7,0.53,2700
valentina,gomez,la_florida,2,20,0,2700
roman,ortiz,maipu,2,17,0,3000
aldo,gonzalez,renca,2,10,0.16,2700
lucia,gomez,pudahuel,2,12,0,2500
raul,hernandez,penalolen,2,12,0.16,3000
paloma,ortiz,el_bosque,2,16,0.53,2500
jimena,reyes,san_bernardo,2,20,0,2500
pamela,hernandez,cerro_navia,2,10,0,2500
roberto,lopez,macul,2,9,0.53,2500
paula,perez,la_granja,2,18,0.53,2500
javier,reyes,recoleta,2,7,0,2500
victor,rodriguez,puente_alto,2,27,0.53,3000
lucia,hernandez,sano_joaquin,2,10,0,2700
paloma,gonzalez,sano_joaquin,2,10,0.16,2500
laura,reyes,el_bosque,2,16,0.16,2500
alonso,gonzalez,la_florida,2,20,0,2500
claudia,perez,recoleta,2,7,0.53,2700
ximena,garcia,la_pintana,2,24,0.53,3000
andres,gutierrez,puente_alto,2,27,0,2700
roman,flores,la_pintana,2,24,0,2500
alex,cruz,pudahuel,2,12,0.53,2700
claudia,gomez,puente_alto,2,27,0.53,2500
paula,gonzalez,cerro_navia,2,10,0.16,2700
claudio,lopez,pudahuel,2,12,0,3000
victor,hernandez,sano_joaquin,2,10,0.16,2500
juan,morales,cerrillos,2,10,0.16,2500
pedro,gutierrez,cerrillos,2,10,0,2500
juana,ortiz,sano_joaquin,2,10,0,2700
juana,torres,san_bernardo,2,20,0.53,3000
javiera,rodriguez,macul,2,9,0.53,3000
pedro,perez,cerrillos,2,10,0.16,2700
lucia,cruz,la_florida,2,20,0.53,2700
maria,reyes,la_granja,2,18,0,3000
maria,garcia,el_bosque,2,16,0,2500
humberto,sanchez,cerro_navia,2,10,0.53,3000
maria,cruz,puente_alto,2,27,0,2700
humberto,ortiz,macul,2,9,0,2700
javiera,ortiz,la_pintana,2,24,0,2500
lucia,sanchez,cerro_navia,2,10,0.53,3000
alex,rivera,maipu,2,17,0,2500
pierre,perez,macul,2,9,0.16,2700
carla,diaz,sano_joaquin,2,10,0,2700
carlos,perez,renca,2,10,0.53,2700
macarena,ramirez,sano_joaquin,2,10,0.16,2500
cristian,torres,penalolen,2,12,0.16,2700
javier,lopez,la_florida,2,20,0.53,3000
lucia,lopez,san_bernardo,2,20,0,3000
felipe,sanchez,cerrillos,2,10,0,2500
maria,ramirez,la_florida,2,20,0.53,2500
andres,martinez,cerrillos,2,10,0.16,2700
humberto,rivera,recoleta,2,7,0.53,2500
valentina,garcia,maipu,2,17,0.53,2700
carla,rivera,maipu,2,17,0.53,2700
carlos,diaz,la_pintana,2,24,0.53,2500
felipe,torres,pudahuel,2,12,0.16,2700
pedro,gutierrez,la_granja,2,18,0.16,2500
diego,rodriguez,puente_alto,2,27,0.53,2700
manuel,hernandez,sano_joaquin,2,10,0.53,2500
raul,diaz,la_pintana,2,24,0,2700
lucia,torres,sano_joaquin,2,10,0,2500
lucia,rivera,penalolen,2,12,0.53,3000
lucia,gonzalez,renca,2,10,0.16,2500
victor,sanchez,la_florida,2,20,0,2700
javier,garcia,la_pintana,2,24,0,2500
pedro,gutierrez,el_bosque,2,16,0.16,2700
javiera,garcia,santiago,2,5,0.53,2700
roberto,diaz,san_bernardo,2,20,0,2500
mauricio,gomez,maipu,2,17,0,2700
javier,flores,macul,2,9,0,2500
ximena,lopez,san_bernardo,2,20,0.16,3000
maria,garcia,sano_joaquin,2,10,0.53,2500
carlos,lopez,la_florida,2,20,0.16,2700
javiera,perez,maipu,2,17,0,3000
roberto,gutierrez,cerrillos,2,10,0.53,2500
felipe,lopez,el_bosque,2,16,0.16,2500
claudio,sanchez,cerro_navia,2,10,0,2700
victor,perez,la_pintana,2,24,0.53,2700
cristian,rodriguez,el_bosque,2,16,0.53,2500
roberto,sanchez,la_granja,2,18,0.16,2700
andres,morales,santiago,2,5,0.53,2500
pedro,gomez,la_florida,2,20,0.16,2500
alonso,cruz,maipu,2,17,0.16,3000
andres,garcia,penalolen,2,12,0,3000
diego,gomez,cerro_navia,2,10,0.16,2700
antonia,diaz,la_florida,2,20,0.53,2700
claudio,ortiz,san_bernardo,2,20,0,2500
victor,martinez,la_pintana,2,24,0.16,3000
felipe,gomez,maipu,2,17,0.16,2500
laura,sanchez,renca,2,10,0,3000
laura,hernandez,recoleta,2,7,0.16,2700
diego,torres,sano_joaquin,2,10,0,3000
pedro,garcia,sano_joaquin,2,10,0.53,2500
paloma,morales,penalolen,2,12,0.53,3000
pedro,ramirez,puente_alto,2,27,0.53,3000
laura,ramirez,maipu,2,17,0.16,2500
maria,martinez,la_granja,2,18,0.16,2500
roman,rodriguez,la_granja,2,18,0,2700
roman,gonzalez,penalolen,2,12,0.16,3000
roberto,sanchez,santiago,2,5,0,3000
pierre,rodriguez,la_granja,2,18,0.53,2500
juan,gonzalez,renca,2,10,0.16,2700
lucia,diaz,el_bosque,2,16,0,2500
maria,flores,penalolen,2,12,0.16,3000
roman,hernandez,renca,2,10,0,3000
paloma,rodriguez,cerrillos,2,10,0.53,3000
cristian,torres,pudahuel,2,12,0.16,3000
paula,garcia,macul,2,9,0.53,3000
maria,torres,el_bosque,2,16,0.53,2500
valentina,cruz,la_pintana,2,24,0.16,2700
pierre,lopez,santiago,2,5,0,2500
mauricio,ortiz,macul,2,9,0.16,2700
raul,flores,santiago,2,5,0.53,2700
victor,hernandez,la_pintana,2,24,0,2700
maria,cruz,renca,2,10,0.16,3000
humberto,martinez,renca,2,10,0.16,3000
maria,rivera,recoleta,2,7,0,2700
valentina,hernandez,san_bernardo,2,20,0.53,2700
andres,gutierrez,renca,2,10,0.16,2500
pedro,sanchez,cerro_navia,2,10,0.53,2500
jimena,flores,pudahuel,2,12,0.53,2500
mauricio,martinez,la_pintana,2,24,0.16,3000
javier,lopez,puente_alto,2,27,0.53,3000
paula,flores,la_florida,2,20,0.16,3000
aldo,perez,recoleta,2,7,0.53,2500
alex,hernandez,maipu,2,17,0.16,3000
victor,rodriguez,la_pintana,2,24,0,2500
claudio,sanchez,macul,2,9,0.16,2500
diego,torres,penalolen,2,12,0,3000
jimena,reyes,el_bosque,2,16,0.53,3000
javier,lopez,puente_alto,2,27,0,3000
mauricio,lopez,la_pintana,2,24,0.53,2500
carla,martinez,penalolen,2,12,0,3000
andres,perez,recoleta,2,7,0,3000
jorge,hernandez,renca,2,10,0,2500
antonio,gutierrez,la_florida,2,20,0.53,2700
juana,garcia,cerrillos,2,10,0.53,2700
alonso,rivera,la_pintana,2,24,0.53,3000
humberto,reyes,san_bernardo,2,20,0.16,3000
claudia,sanchez,cerro_navia,2,10,0.53,2500
roberta,cruz,renca,2,10,0.53,3000
ximena,lopez,la_florida,2,20,0.16,3000
paloma,sanchez,santiago,2,5,0.16,2500
aldo,cruz,la_granja,2,18,0.16,2500
antonia,flores,cerrillos,2,10,0,2500
manuel,flores,el_bosque,2,16,0.53,3000
diego,cruz,macul,2,9,0,2700
antonio,hernandez,el_bosque,2,16,0,2700
humberto,ortiz,renca,2,10,0.16,3000
ximena,rivera,sano_joaquin,2,10,0,3000
valentina,flores,macul,2,9,0,2700
aldo,gutierrez,san_bernardo,2,20,0,2700
juana,ortiz,cerro_navia,2,10,0.53,3000
cristobal,martinez,renca,2,10,0.16,3000
mauricio,garcia,la_granja,2,18,0.53,3000
claudia,perez,san_bernardo,2,20,0.16,2500
alonso,flores,renca,2,10,0,3000
valentina,lopez,puente_alto,2,27,0.53,2700
andres,rivera,cerrillos,2,10,0,2700
jorge,torres,pudahuel,2,12,0,3000
laura,cruz,pudahuel,2,12,0.16,3000
roberta,rivera,el_bosque,2,16,0.16,2700
alonso,gomez,cerro_navia,2,10,0.16,2700
cristian,lopez,sano_joaquin,2,10,0,2700
maria,gomez,renca,2,10,0.16,3000
felipe,sanchez,puente_alto,2,27,0,2500
jorge,martinez,el_bosque,2,16,0.53,2500
antonio,martinez,pudahuel,2,12,0,2500
alex,perez,el_bosque,2,16,0,2700
aldo,ramirez,puente_alto,2,27,0,2700
diego,gomez,recoleta,2,7,0.53,2700
antonio,diaz,la_granja,2,18,0.53,2500
macarena,gomez,puente_alto,2,27,0.16,2500
lucia,sanchez,sano_joaquin,2,10,0,2500
cristobal,torres,santiago,2,5,0.53,2500
javier,martinez,pudahuel,2,12,0.53,3000
antonio,martinez,maipu,2,17,0.16,2500
claudia,cruz,santiago,2,5,0.16,2500
antonio,diaz,sano_joaquin,2,10,0,3000
jorge,perez,la_pintana,2,24,0.16,2500
roberta,ortiz,penalolen,2,12,0.53,2700
victor,sanchez,puente_alto,2,27,0.53,3000
maria,ortiz,la_granja,2,18,0,3000
roman,garcia,la_florida,2,20,0.53,3000
carla,cruz,la_pintana,2,24,0,3000
carlos,gonzalez,cerro_navia,2,10,0.53,3000
roberto,torres,cerrillos,2,10,0.53,2500
alex,martinez,cerrillos,2,10,0.53,3000
ximena,rivera,sano_joaquin,2,10,0,2500
alex,reyes,recoleta,2,7,0,2500
humberto,gutierrez,renca,2,10,0.16,3000
javier,martinez,macul,2,9,0.53,2700
valentina,sanchez,renca,2,10,0.16,2500
maria,ortiz,la_granja,2,18,0,2700
pamela,torres,maipu,2,17,0.16,2500
cristobal,morales,san_bernardo,2,20,0.53,3000
alonso,gonzalez,la_pintana,2,24,0,3000
cristobal,diaz,maipu,2,17,0.53,2700
sebastian,lopez,penalolen,2,12,0.16,2500
andres,martinez,cerrillos,2,10,0.53,2700
roberta,flores,penalolen,2,12,0.53,2700
raul,gutierrez,la_florida,2,20,0.53,3000
juan,lopez,puente_alto,2,27,0.16,3000
javier,torres,macul,2,9,0.53,2500
ximena,cruz,la_granja,2,18,0,3000
humberto,gomez,san_bernardo,2,20,0.16,2700
jimena,rodriguez,cerrillos,2,10,0.16,2500
pierre,rodriguez,la_granja,2,18,0.53,2500
manuel,flores,cerro_navia,2,10,0.53,2500
juana,hernandez,el_bosque,2,16,0.53,3000
javiera,flores,penalolen,2,12,0.53,2700
alejandra,martinez,la_pintana,2,24,0,2500
maria,cruz,macul,2,9,0.16,3000
antonio,martinez,cerro_navia,2,10,0.16,2700
jimena,lopez,santiago,2,5,0,3000
sebastian,rodriguez,el_bosque,2,16,0.53,3000
diego,rivera,la_pintana,2,24,0.53,2500
paula,morales,cerrillos,2,10,0,2700
manuel,sanchez,macul,2,9,0.16,2500
javiera,gonzalez,la_granja,2,18,0.16,2700
aldo,rivera,sano_joaquin,2,10,0.16,2500
claudio,torres,santiago,2,5,0,2500
antonio,gutierrez,la_pintana,2,24,0.16,3000
mauricio,perez,penalolen,2,12,0.53,2700
antonia,garcia,santiago,2,5,0,2500
lucia,gonzalez,santiago,2,5,0.53,3000
alejandra,torres,penalolen,2,12,0.53,2500
aldo,reyes,penalolen,2,12,0.53,3000
victor,morales,cerrillos,2,10,0,2700
raul,morales,macul,2,9,0.16,2700
alejandra,torres,cerro_navia,2,10,0,2700
pamela,martinez,pudahuel,2,12,0.16,2500
felipe,ramirez,penalolen,2,12,0.16,2700
lucia,torres,la_pintana,2,24,0.16,3000
pierre,rodriguez,cerrillos,2,10,0.53,2700
pedro,garcia,la_granja,2,18,0.53,2500
maria,gomez,cerrillos,2,10,0,2700
valentina,gutierrez,la_pintana,2,24,0.16,2500
mauricio,ortiz,la_granja,2,18,0.53,2700
antonia,torres,sano_joaquin,2,10,0.16,2700
alonso,torres,puente_alto,2,27,0,2500
alex,ortiz,sano_joaquin,2,10,0.53,2700
lucia,martinez,el_bosque,2,16,0,2500
victor,diaz,pudahuel,2,12,0.53,2500
valentina,torres,recoleta,2,7,0.53,3000
diego,gutierrez,maipu,2,17,0,2500
antonia,hernandez,cerrillos,2,10,0.53,2700
maria,rodriguez,san_bernardo,2,20,0,3000
jorge,diaz,recoleta,2,7,0.53,3000
alonso,martinez,la_granja,2,18,0.16,2500
alonso,flores,renca,2,10,0.53,3000
humberto,perez,sano_joaquin,2,10,0,2700
juana,martinez,san_bernardo,2,20,0.53,2700
carla,diaz,cerrillos,2,10,0.53,2500
ximena,garcia,renca,2,10,0,2700
roman,garcia,pudahuel,2,12,0,2700
manuel,garcia,el_bosque,2,16,0.16,3000
aldo,torres,san_bernardo,2,20,0.53,3000
antonia,gutierrez,cerro_navia,2,10,0,3000
cristobal,torres,cerro_navia,2,10,0.16,2500
paloma,morales,pudahuel,2,12,0.16,2500
pedro,flores,la_granja,2,18,0,2500
antonio,gomez,santiago,2,5,0,3000
pedro,perez,santiago,2,5,0.16,2700
antonio,hernandez,macul,2,9,0.16,2700
cristobal,gomez,penalolen,2,12,0.16,2700
diego,rodriguez,puente_alto,2,27,0,2700
diego,hernandez,la_florida,2,20,0.53,2500
roberto,ortiz,penalolen,2,12,0.16,2500
juan,perez,santiago,2,5,0.53,2500
javier,morales,penalolen,2,12,0.16,2700
pedro,diaz,puente_alto,2,27,0.16,2700
claudia,hernandez,cerro_navia,2,10,0,3000
juana,perez,la_pintana,2,24,0.16,2500
sebastian,rivera,la_florida,2,20,0,2500
cristobal,ortiz,la_granja,2,18,0.16,3000
pamela,flores,el_bosque,2,16,0,3000
claudio,hernandez,la_granja,2,18,0,3000
antonia,martinez,puente_alto,2,27,0.16,2500
mauricio,reyes,cerro_navia,2,10,0.53,2500
diego,hernandez,sano_joaquin,2,10,0.53,3000
roman,flores,la_florida,2,20,0,2700
javier,rodriguez,santiago,2,5,0.16,3000
lucia,gonzalez,pudahuel,2,12,0.53,2500
claudia,ramirez,maipu,2,17,0.53,2500
alonso,hernandez,cerrillos,2,10,0.53,2500
humberto,gomez,la_granja,2,18,0.16,2500
antonio,hernandez,san_bernardo,2,20,0.16,2700
diego,gonzalez,puente_alto,2,27,0.16,2500
pamela,gutierrez,recoleta,2,7,0.16,3000
ximena,rivera,santiago,2,5,0.16,2700
pedro,cruz,la_granja,2,18,0.53,3000
javiera,rodriguez,maipu,2,17,0.16,2500
felipe,garcia,el_bosque,2,16,0.53,2700
paloma,morales,puente_alto,2,27,0.16,2500
pierre,cruz,macul,2,9,0.16,2700
lucia,gomez,san_bernardo,2,20,0.16,2700
diego,garcia,sano_joaquin,2,10,0.53,2700
juana,gonzalez,maipu,2,17,0.53,2500
pierre,flores,penalolen,2,12,0.16,3000
mauricio,ortiz,cerrillos,2,10,0,2500
claudio,reyes,recoleta,2,7,0.53,2700
claudio,cruz,recoleta,2,7,0,2500
juana,garcia,puente_alto,2,27,0.53,2500
cristobal,ortiz,santiago,2,5,0.16,3000
claudia,torres,la_pintana,2,24,0.16,2700
paula,flores,macul,2,9,0,3000
paula,flores,la_granja,2,18,0.16,2700
roman,reyes,puente_alto,2,27,0.16,3000
mauricio,garcia,pudahuel,2,12,0.16,2500
cristian,ortiz,macul,2,9,0,2700
cristobal,gonzalez,la_granja,2,18,0.16,3000
maria,hernandez,penalolen,2,12,0,2700
sebastian,hernandez,cerrillos,2,10,0.53,3000
sebastian,flores,puente_alto,2,27,0,2500
carla,gutierrez,puente_alto,2,27,0.53,2500
valentina,morales,san_bernardo,2,20,0,2500
paloma,rodriguez,la_florida,2,20,0.53,2700
antonia,gonzalez,sano_joaquin,2,10,0,2700
javier,gomez,pudahuel,2,12,0.53,2700
maria,sanchez,penalolen,2,12,0.53,2500
cristian,reyes,san_bernardo,2,20,0.53,3000
alejandra,morales,cerro_navia,2,10,0.16,2700
felipe,ortiz,la_pintana,2,24,0,3000
claudia,torres,macul,2,9,0,2700
lucia,gonzalez,pudahuel,2,12,0,2700
aldo,ortiz,la_granja,2,18,0.16,2700
maria,ortiz,cerro_navia,2,10,0,2500
paloma,hernandez,santiago,2,5,0,2500
diego,rodriguez,la_pintana,2,24,0,2500
cristian,ramirez,san_bernardo,2,20,0.16,3000
cristian,perez,renca,2,10,0.53,2500
javier,ortiz,el_bosque,2,16,0.16,2700
roberta,gomez,el_bosque,2,16,0.16,2700
cristian,rodriguez,cerrillos,2,10,0.53,2500
felipe,ortiz,renca,2,10,0.16,3000
alex,perez,recoleta,2,7,0.16,3000
lucia,rivera,la_pintana,2,24,0,2700
cristian,reyes,sano_joaquin,2,10,0,2700
alonso,gonzalez,puente_alto,2,27,0,2500
laura,ramirez,penalolen,2,12,0,3000
valentina,ramirez,santiago,2,5,0.53,2500
juan,rodriguez,san_bernardo,2,20,0.16,2500
diego,torres,la_granja,2,18,0.16,2700
aldo,martinez,pudahuel,2,12,0,2700
alonso,morales,maipu,2,17,0,2700
maria,ortiz,cerrillos,2,10,0.53,3000
mauricio,perez,pudahuel,2,12,0.53,2500
cristian,perez,la_granja,2,18,0.16,2700
raul,hernandez,macul,2,9,0,2500
lucia,sanchez,renca,2,10,0.53,2700
ximena,hernandez,cerrillos,2,10,0.16,2500
cristian,garcia,macul,2,9,0.16,2700
javiera,cruz,renca,2,10,0.16,2500
sebastian,flores,maipu,2,17,0,3000
macarena,ortiz,santiago,2,5,0,2700
carlos,perez,la_florida,2,20,0,3000
macarena,diaz,maipu,2,17,0.16,2700
juan,garcia,recoleta,2,7,0.53,2700
cristobal,martinez,maipu,2,17,0,3000
alex,ortiz,maipu,2,17,0,2700
alex,diaz,cerrillos,2,10,0.16,2500
jimena,diaz,pudahuel,2,12,0.53,3000
roberto,ortiz,santiago,2,5,0.16,2700
claudia,martinez,renca,2,10,0,2700
aldo,morales,puente_alto,2,27,0.16,2500
victor,martinez,cerro_navia,2,10,0.53,2500
jimena,garcia,la_granja,2,18,0.16,3000
mauricio,lopez,cerrillos,2,10,0.53,2700
carla,lopez,cerro_navia,2,10,0.16,2700
lucia,rivera,santiago,2,5,0.16,2700
juan,hernandez,renca,2,10,0.16,3000
alejandra,gomez,maipu,2,17,0,2500
aldo,perez,la_florida,2,20,0.16,2700
juan,gonzalez,sano_joaquin,2,10,0.16,3000
alex,perez,puente_alto,2,27,0.16,3000
maria,rodriguez,recoleta,2,7,0.16,2700
andres,torres,maipu,2,17,0,2500
sebastian,gutierrez,la_granja,2,18,0.53,2500
pedro,sanchez,puente_alto,2,27,0.16,2500
andres,perez,pudahuel,2,12,0.53,2500
jorge,torres,san_bernardo,2,20,0.16,2700
roman,flores,la_florida,2,20,0,3000
felipe,sanchez,el_bosque,2,16,0.16,2700
lucia,diaz,penalolen,2,12,0,2500
jorge,cruz,recoleta,2,7,0.53,2500
victor,cruz,puente_alto,2,27,0.16,3000
alejandra,martinez,penalolen,2,12,0.16,3000
sebastian,ramirez,maipu,2,17,0,2700
manuel,morales,santiago,2,5,0.16,2700
jimena,gutierrez,la_pintana,2,24,0.16,3000
alex,ortiz,la_granja,2,18,0,2700
roman,gomez,el_bosque,2,16,0.16,2700
cristian,lopez,recoleta,2,7,0.16,2700
claudio,gomez,macul,2,9,0,2700
pierre,gonzalez,san_bernardo,2,20,0,2500
alonso,gutierrez,san_bernardo,2,20,0.16,2700
pamela,rivera,renca,2,10,0.53,3000
mauricio,martinez,penalolen,2,12,0,2500
cristobal,perez,macul,2,9,0.53,2500
paula,rodriguez,renca,2,10,0.53,2700
javier,morales,penalolen,2,12,0.53,2700
valentina,ortiz,sano_joaquin,2,10,0.16,2500
ximena,rivera,maipu,2,17,0.53,2700
ximena,sanchez,cerrillos,2,10,0.53,2500
juana,cruz,santiago,2,5,0,2700
javiera,gonzalez,el_bosque,2,16,0.16,3000
lucia,ramirez,la_pintana,2,24,0,3000
antonio,rivera,puente_alto,2,27,0,2700
maria,flores,puente_alto,2,27,0.16,2500
pamela,cruz,la_pintana,2,24,0,2700
lucia,diaz,santiago,2,5,0,3000
pedro,gutierrez,sano_joaquin,2,10,0.16,3000
antonia,rodriguez,san_bernardo,2,20,0,3000
alex,gonzalez,cerrillos,2,10,0.16,2700
carla,garcia,cerro_navia,2,10,0,3000
javiera,cruz,la_granja,2,18,0,3000
maria,lopez,sano_joaquin,2,10,0.16,2700
antonia,ramirez,sano_joaquin,2,10,0.16,2700
jorge,reyes,maipu,2,17,0.53,3000
ximena,lopez,puente_alto,2,27,0,3000
paloma,morales,la_florida,2,20,0.16,3000
javier,gonzalez,la_granja,2,18,0.16,2700
cristobal,ortiz,puente_alto,2,27,0.53,3000
pedro,ortiz,santiago,2,5,0.16,2700
laura,morales,la_florida,2,20,0,2500
paloma,diaz,el_bosque,2,16,0.53,2500
aldo,gutierrez,puente_alto,2,27,0,2500
alex,cruz,el_bosque,2,16,0.53,3000
alejandra,ortiz,la_florida,2,20,0,2500
raul,garcia,puente_alto,2,27,0,2700
ximena,perez,pudahuel,2,12,0.53,2500
javier,lopez,la_florida,2,20,0.16,2700
alex,ramirez,la_florida,2,20,0.53,2700
claudia,ramirez,cerrillos,2,10,0.53,3000
roberta,ortiz,la_granja,2,18,0.53,3000
roberta,ortiz,la_granja,2,18,0.53,2500
maria,rivera,cerrillos,2,10,0,2700
roberto,sanchez,recoleta,2,7,0,2700
javier,perez,cerrillos,2,10,0.16,2500
claudia,rodriguez,sano_joaquin,2,10,0.16,2500
raul,martinez,san_bernardo,2,20,0.16,2500
laura,martinez,maipu,2,17,0,2500
roman,martinez,renca,2,10,0.53,2700
jimena,morales,cerro_navia,2,10,0.16,2700
diego,gonzalez,la_granja,2,18,0,2500
sebastian,morales,cerro_navia,2,10,0,3000
alejandra,morales,el_bosque,2,16,0,2700
cristobal,rivera,el_bosque,2,16,0,2700
antonio,martinez,penalolen,2,12,0.53,2500
jimena,gomez,la_pintana,2,24,0,2700
andres,martinez,cerro_navia,2,10,0.16,2700
valentina,rivera,macul,2,9,0,2500
alejandra,perez,recoleta,2,7,0.16,2500
raul,ramirez,sano_joaquin,2,10,0.16,2500
javier,ortiz,maipu,2,17,0.53,2700
jorge,hernandez,penalolen,2,12,0.16,2700
alex,reyes,cerrillos,2,10,0.53,2700
pierre,flores,recoleta,2,7,0.53,2700
valentina,garcia,la_granja,2,18,0.53,3000
andres,gomez,el_bosque,2,16,0.16,2700
mauricio,flores,la_florida,2,20,0.16,2500
macarena,garcia,penalolen,2,12,0.53,3000
claudio,gomez,pudahuel,2,12,0.16,3000
alonso,cruz,pudahuel,2,12,0,2500
maria,ramirez,sano_joaquin,2,10,0.16,2700
sebastian,cruz,la_pintana,2,24,0.16,3000
pierre,ramirez,la_pintana,2,24,0,3000
pierre,rivera,san_bernardo,2,20,0,3000
claudio,cruz,santiago,2,5,0,2700
pamela,rivera,pudahuel,2,12,0.16,2500
humberto,cruz,sano_joaquin,2,10,0.53,2700
jimena,sanchez,san_bernardo,2,20,0.16,3000
laura,cruz,renca,2,10,0.53,2700
jimena,gonzalez,recoleta,2,7,0.16,3000
paloma,reyes,pudahuel,2,12,0,2700
raul,perez,cerrillos,2,10,0,2700
felipe,rivera,penalolen,2,12,0.16,3000
alex,sanchez,penalolen,2,12,0.16,2500
jorge,rivera,sano_joaquin,2,10,0.53,2500
carlos,diaz,macul,2,9,0.53,2500
humberto,reyes,sano_joaquin,2,10,0,2700
maria,sanchez,puente_alto,2,27,0.53,2700
pierre,ortiz,la_florida,2,20,0,2500
juan,lopez,la_granja,2,18,0,3000
maria,cruz,san_bernardo,2,20,0.16,2700
macarena,flores,la_granja,2,18,0.53,2500
roberta,gutierrez,renca,2,10,0,2500
antonio,rodriguez,la_pintana,2,24,0.53,2500
carla,hernandez,recoleta,2,7,0.53,2700
alex,rivera,macul,2,9,0.16,2700
alex,rivera,santiago,2,5,0,2500
aldo,perez,sano_joaquin,2,10,0.53,2500
felipe,morales,la_granja,2,18,0.53,2700
claudio,gomez,cerro_navia,2,10,0.16,2500
juan,gonzalez,pudahuel,2,12,0.16,2500
claudia,gutierrez,cerrillos,2,10,0,3000
antonio,flores,el_bosque,2,16,0.53,2500
lucia,torres,penalolen,2,12,0.16,2700
jimena,ramirez,recoleta,2,7,0.16,2500
valentina,morales,recoleta,2,7,0,2500
alonso,garcia,san_bernardo,2,20,0,2700
alex,martinez,la_pintana,2,24,0.53,3000
javier,hernandez,maipu,2,17,0.16,2500
diego,garcia,cerrillos,2,10,0,2700
javier,ramirez,san_bernardo,2,20,0.16,3000
ximena,torres,el_bosque,2,16,0.16,3000
cristian,reyes,san_bernardo,2,20,0.16,3000
antonio,garcia,renca,2,10,0.53,2700
felipe,cruz,recoleta,2,7,0.53,2700
roberta,reyes,san_bernardo,2,20,0.16,2700
alonso,gutierrez,recoleta,2,7,0.16,2700
carla,gutierrez,la_florida,2,20,0.16,2700
carla,ortiz,cerro_navia,2,10,0.53,2500
macarena,sanchez,maipu,2,17,0.53,2500
roman,diaz,penalolen,2,12,0.53,3000
raul,garcia,san_bernardo,2,20,0.53,2500
pamela,ortiz,santiago,2,5,0.53,2700
pamela,torres,santiago,2,5,0.53,2500
alejandra,sanchez,santiago,2,5,0.53,2700
sebastian,diaz,la_florida,2,20,0,2500
antonio,gomez,cerrillos,2,10,0.53,3000
claudio,diaz,el_bosque,2,16,0.16,2700
humberto,torres,penalolen,2,12,0,2500
andres,gonzalez,san_bernardo,2,20,0,2500
carla,reyes,recoleta,2,7,0.16,2500
claudia,cruz,la_pintana,2,24,0,2500
juan,rodriguez,santiago,2,5,0,3000
cristian,ramirez,san_bernardo,2,20,0.53,2700
raul,sanchez,maipu,2,17,0,3000
juana,perez,pudahuel,2,12,0.53,2500
juana,rivera,recoleta,2,7,0,2700
jorge,martinez,san_bernardo,2,20,0.53,3000
jimena,martinez,la_granja,2,18,0,3000
alex,gomez,santiago,2,5,0.16,3000
pierre,gomez,recoleta,2,7,0.16,3000
cristobal,perez,recoleta,2,7,0,2700
paloma,perez,la_granja,2,18,0.16,2500
victor,flores,sano_joaquin,2,10,0.16,2700
cristobal,ortiz,puente_alto,2,27,0.53,2500
carla,torres,la_pintana,2,24,0,2500
carlos,hernandez,el_bosque,2,16,0.53,2700
felipe,garcia,sano_joaquin,2,10,0.16,2500
roberto,gomez,el_bosque,2,16,0,3000
valentina,cruz,san_bernardo,2,20,0,2500
pierre,gonzalez,la_granja,2,18,0.16,3000
claudia,flores,renca,2,10,0.53,3000
lucia,lopez,puente_alto,2,27,0.53,3000
mauricio,flores,macul,2,9,0.16,2500
sebastian,garcia,cerrillos,2,10,0.16,2500
pedro,ramirez,renca,2,10,0.16,2500
javiera,ortiz,cerro_navia,2,10,0.16,2700
juana,perez,sano_joaquin,2,10,0.53,2700
felipe,reyes,penalolen,2,12,0.16,2700
antonio,martinez,san_bernardo,2,20,0.53,2500
alex,ortiz,macul,2,9,0,2500
carla,morales,cerrillos,2,10,0,2700
manuel,rivera,el_bosque,2,16,0.16,2500
andres,ortiz,cerrillos,2,10,0.16,3000
juana,ortiz,san_bernardo,2,20,0.53,2700
felipe,diaz,pudahuel,2,12,0,3000
paloma,martinez,renca,2,10,0,3000
cristobal,perez,puente_alto,2,27,0,2500
javier,rodriguez,cerrillos,2,10,0.53,2700
paloma,gutierrez,penalolen,2,12,0.53,3000
mauricio,martinez,santiago,2,5,0.16,3000
juana,martinez,recoleta,2,7,0,2700
roman,ortiz,la_florida,2,20,0.16,2500
diego,ramirez,renca,2,10,0,2700
victor,martinez,la_pintana,2,24,0,2700
javier,sanchez,cerrillos,2,10,0,3000
paloma,sanchez,sano_joaquin,2,10,0.16,2700
roberta,diaz,puente_alto,2,27,0.16,2700
aldo,reyes,la_florida,2,20,0,3000
alonso,ortiz,cerrillos,2,10,0.53,2700
antonio,ortiz,recoleta,2,7,0.53,2500
roberta,flores,macul,2,9,0.16,2500
laura,flores,el_bosque,2,16,0.16,2700
carlos,gomez,penalolen,2,12,0.53,2500
javiera,gomez,santiago,2,5,0,2700
cristian,garcia,san_bernardo,2,20,0,2500
victor,sanchez,la_pintana,2,24,0,2500
humberto,ortiz,san_bernardo,2,20,0,3000
paula,rivera,san_bernardo,2,20,0.53,3000
roman,gutierrez,el_bosque,2,16,0.53,3000
victor,martinez,cerrillos,2,10,0,2700
andres,flores,la_granja,2,18,0.53,3000
maria,hernandez,cerro_navia,2,10,0.16,3000
maria,gomez,maipu,2,17,0.53,3000
aldo,diaz,la_florida,2,20,0,3000
lucia,garcia,cerrillos,2,10,0.53,3000
paloma,rodriguez,pudahuel,2,12,0.16,2700
juan,flores,el_bosque,2,16,0,3000
jimena,reyes,maipu,2,17,0.53,3000
cristian,gomez,san_bernardo,2,20,0.53,3000
claudio,cruz,renca,2,10,0.53,2700
alex,martinez,cerrillos,2,10,0.53,2700
pedro,lopez,la_granja,2,18,0,2700
juana,gomez,la_pintana,2,24,0.16,2700
paloma,sanchez,el_bosque,2,16,0.53,3000
laura,flores,maipu,2,17,0.16,3000
maria,diaz,macul,2,9,0,2500
felipe,rivera,santiago,2,5,0,2500
aldo,reyes,san_bernardo,2,20,0,2500
mauricio,perez,macul,2,9,0.16,3000
claudio,hernandez,renca,2,10,0.16,3000
juan,torres,santiago,2,5,0.16,2500
roberto,torres,recoleta,2,7,0,2500
jorge,perez,la_pintana,2,24,0.16,3000
paloma,ramirez,la_granja,2,18,0.16,2700
juan,garcia,cerrillos,2,10,0.16,2700
paloma,rodriguez,penalolen,2,12,0,3000
cristian,perez,penalolen,2,12,0.53,3000
lucia,garcia,maipu,2,17,0.16,2500
humberto,rivera,puente_alto,2,27,0.53,3000
lucia,gomez,el_bosque,2,16,0.16,2500
javier,flores,la_granja,2,18,0.16,2700
claudio,gonzalez,la_pintana,2,24,0.53,2700
roberta,garcia,renca,2,10,0.16,3000
victor,flores,la_granja,2,18,0.16,2500
antonio,garcia,macul,2,9,0.53,2700
aldo,torres,el_bosque,2,16,0.53,2700
diego,ramirez,cerrillos,2,10,0.16,3000
humberto,sanchez,san_bernardo,2,20,0.53,2500
pedro,martinez,cerrillos,2,10,0.16,2700
claudia,sanchez,la_florida,2,20,0.16,3000
juan,diaz,cerro_navia,2,10,0.53,2700
javiera,ortiz,san_bernardo,2,20,0.16,3000
pedro,gutierrez,la_pintana,2,24,0.53,3000
paloma,lopez,la_florida,2,20,0.16,3000
maria,gonzalez,pudahuel,2,12,0.16,3000
macarena,hernandez,sano_joaquin,2,10,0,2500
manuel,flores,la_florida,2,20,0.53,2500
javiera,ramirez,san_bernardo,2,20,0,3000
pedro,gonzalez,santiago,2,5,0.16,2700
humberto,gutierrez,el_bosque,2,16,0,2700
mauricio,garcia,macul,2,9,0.16,3000
pamela,lopez,la_granja,2,18,0.16,2700
roman,gonzalez,cerrillos,2,10,0.53,2500
pedro,gonzalez,la_pintana,2,24,0,3000
maria,garcia,penalolen,2,12,0,2500
sebastian,perez,maipu,2,17,0.53,3000
claudia,cruz,pudahuel,2,12,0,2500
laura,gomez,renca,2,10,0.16,2700
ximena,flores,cerrillos,2,10,0.16,2700
maria,ortiz,renca,2,10,0,2700
javiera,reyes,renca,2,10,0.16,3000
macarena,gomez,renca,2,10,0.53,2700
paloma,rodriguez,la_pintana,2,24,0.53,2500
jimena,torres,cerro_navia,2,10,0,2500
laura,torres,renca,2,10,0.16,2700
juan,reyes,recoleta,2,7,0.16,3000
antonia,hernandez,sano_joaquin,2,10,0.16,2700
macarena,lopez,cerrillos,2,10,0.53,2500
javiera,garcia,sano_joaquin,2,10,0.16,2500
sebastian,reyes,maipu,2,17,0.53,2500
lucia,gonzalez,puente_alto,2,27,0,3000
javiera,rivera,maipu,2,17,0.16,2700
ximena,morales,sano_joaquin,2,10,0.16,2500
ximena,rodriguez,sano_joaquin,2,10,0.16,2500
juan,gonzalez,san_bernardo,2,20,0.16,3000
diego,diaz,cerro_navia,2,10,0.16,2500
javiera,torres,sano_joaquin,2,10,0,3000
sebastian,garcia,penalolen,2,12,0.53,3000
juana,cruz,santiago,2,5,0.53,2700
pierre,perez,la_granja,2,18,0.53,2500
javiera,martinez,santiago,2,5,0.16,3000
humberto,ortiz,la_pintana,2,24,0,3000
juan,rodriguez,macul,2,9,0,3000
cristobal,gutierrez,cerro_navia,2,10,0,2500
diego,hernandez,la_florida,2,20,0,3000
cristian,gutierrez,sano_joaquin,2,10,0.16,2500
valentina,rivera,renca,2,10,0.53,3000
felipe,rivera,cerrillos,2,10,0.53,3000
roberta,martinez,cerro_navia,2,10,0,2500
roberto,ramirez,pudahuel,2,12,0.53,2700
paloma,perez,la_pintana,2,24,0,2700
javier,gutierrez,maipu,2,17,0.16,2500
alejandra,torres,la_florida,2,20,0.53,2700
alex,morales,macul,2,9,0.16,3000
maria,cruz,la_granja,2,18,0,2500
claudia,sanchez,cerro_navia,2,10,0,3000
roberto,garcia,recoleta,2,7,0,2700
carlos,diaz,la_florida,2,20,0.53,3000
aldo,ortiz,la_pintana,2,24,0.16,3000
sebastian,torres,penalolen,2,12,0.53,3000
victor,morales,pudahuel,2,12,0,3000
jorge,flores,cerrillos,2,10,0.16,2700
claudia,garcia,sano_joaquin,2,10,0.53,3000
jorge,cruz,la_granja,2,18,0.16,3000
pedro,cruz,san_bernardo,2,20,0.53,2700
macarena,flores,recoleta,2,7,0.16,2500
diego,morales,cerro_navia,2,10,0.16,2700
felipe,ortiz,santiago,2,5,0.16,3000
jorge,rivera,maipu,2,17,0.53,3000
manuel,flores,cerrillos,2,10,0.16,2700
antonio,gutierrez,cerrillos,2,10,0.16,3000
roberto,torres,pudahuel,2,12,0,2700
humberto,diaz,maipu,2,17,0,2500
roman,reyes,cerro_navia,2,10,0.16,3000
victor,gonzalez,puente_alto,2,27,0,2500
sebastian,martinez,recoleta,2,7,0,2700
pamela,morales,san_bernardo,2,20,0.53,3000
pamela,morales,cerro_navia,2,10,0,2500
javier,morales,san_bernardo,2,20,0.16,3000
cristobal,reyes,cerrillos,2,10,0.16,2700
roberto,garcia,cerro_navia,2,10,0.16,3000
alejandra,martinez,pudahuel,2,12,0,2500
javier,morales,cerro_navia,2,10,0.16,3000
victor,perez,pudahuel,2,12,0,3000
cristian,ramirez,pudahuel,2,12,0.16,2500
roberto,ramirez,san_bernardo,2,20,0.53,3000
roberto,garcia,puente_alto,2,27,0.16,3000
aldo,ortiz,pudahuel,2,12,0,2500
cristian,gutierrez,el_bosque,2,16,0,3000
victor,flores,recoleta,2,7,0,3000
